008652168;EK5989654;"mobilní telefon"
072563132;EI5474126;"mobilní telefon"
093973364;54878954;"mobilní telefon"
106636296;54878954;"mobilní telefon"
141908163;123456;"mobilní telefon"
151774393;123456;"mobilní telefon"
163082763;ES5874521;"mobilní telefon"
187287542;EO547854;"mobilní telefon"
211224693;785456985;"mobilní telefon"
235571177;123456;"mobilní telefon"
247768776;EE547554;"mobilní telefon"
268253387;785456985;"mobilní telefon"
276724866;452187;"mobilní telefon"
285742804;EI5474126;"mobilní telefon"
318532367;5214578;"mobilní telefon"
388343122;123456;"mobilní telefon"
428367221;EK5989654;"mobilní telefon"
429771708;54878954;"mobilní telefon"
442225673;EI5474126;"mobilní telefon"
468831409;785456985;"mobilní telefon"
478870697;123456;"mobilní telefon"
480345733;EE547554;"mobilní telefon"
525344132;5214578;"mobilní telefon"
526474688;54878954;"mobilní telefon"
545759638;452187;"mobilní telefon"
551194926;EI5474126;"mobilní telefon"
552773437;EK54125;"mobilní telefon"
613500806;EK54125;"mobilní telefon"
617361560;ES5874521;"mobilní telefon"
626665779;EO547854;"mobilní telefon"
631487886;452187;"mobilní telefon"
636879900;EE547554;"mobilní telefon"
672294761;54878954;"mobilní telefon"
681023335;5214578;"mobilní telefon"
689888362;54878954;"mobilní telefon"
701170615;785456985;"mobilní telefon"
719318961;EO547854;"mobilní telefon"
741558651;785456985;"mobilní telefon"
742497315;5214578;"mobilní telefon"
771236581;ES5874521;"mobilní telefon"
777951019;EK5989654;"mobilní telefon"
778835285;EK5989654;"mobilní telefon"
842651068;EK54125;"mobilní telefon"
854757531;EO547854;"mobilní telefon"
879793715;ES5874521;"mobilní telefon"
886551556;785456985;"mobilní telefon"
910422689;EI5474126;"mobilní telefon"
923336185;452187;"mobilní telefon"
947156161;EK54125;"mobilní telefon"
964236525;785456985;"mobilní telefon"
Emil.Francouz@email.cz;5214578;email
Emil.Kamjedeš@hotmail.com;EE547554;email
Emil.Omáčka@post.com;EO547854;email
Emil.Ranař@centrum.cz;EK5989654;email
Emilie.Liliová@gmail.com;EK54125;email
Emilie.Nový@post.com;EK54125;email
Julius.Levá@hotmail.com;EK54125;email
Julius.Nový@post.com;EK5989654;email
Julius.Omáčka@hotmail.com;54878954;email
Julius.Ranař@hotmail.com;54878954;email
Julius.Šroubek@post.com;EK54125;email
Kamila.Francouz@email.cz;785456985;email
Kamila.Nový@seznam.cz;EI5474126;email
Kamila.Šroubek@seznam.cz;EI5474126;email
Karel.Kamjedeš@centrum.cz;EI5474126;email
Karel.Kamjedeš@hotmail.com;452187;email
Libor.Kamjedeš@gmail.com;EO547854;email
Libor.Liliová@centrum.cz;EK54125;email
Libor.Novák@post.com;EO547854;email
Libor.Nuemanová@gmail.com;5214578;email
Libor.Omáčka@hotmail.com;EK54125;email
Libor.Ranař@hotmail.com;123456;email
Martin.Novák@seznam.cz;ES5874521;email
Martin.Omáčka@centrum.cz;452187;email
Pavel.Omáčka@centrum.cz;54878954;email
Pert.Novák@centrum.cz;452187;email
Pert.Omáčka@gmail.com;ES5874521;email
Pert.Ranař@post.com;EI5474126;email
Pert.Šroubek@hotmail.com;54878954;email
Petra.Kamjedeš@centrum.cz;123456;email
Petra.Kamjedeš@gmail.com;EK5989654;email
Petra.Liliová@centrum.cz;785456985;email
Petra.Omáčka@centrum.cz;123456;email
Petra.Omáčka@email.cz;EK5989654;email
Petra.Omáčka@gmail.com;EK54125;email
Petra.Omáčka@hotmail.com;54878954;email
Petra.Ranař@centrum.cz;785456985;email
Roman.Francouz@gmail.com;EO547854;email
Roman.Levá@centrum.cz;123456;email
Roman.Nový@email.cz;EK5989654;email
Roman.Nový@seznam.cz;EO547854;email
Roman.Nuemanová@centrum.cz;EO547854;email
Roman.Omáčka@email.cz;EK5989654;email
Roman.Omáčka@seznam.cz;EE547554;email
Roman.Ranař@seznam.cz;EI5474126;email
